{
  "all_model_results": {
    "logistic_regression": {
      "accuracy": 0.2146341463414634,
      "macro_precision": 0.13262730669645564,
      "macro_recall": 0.1476054144354798,
      "macro_f1": 0.1350143630570029
    },
    "random_forest": {
      "accuracy": 0.2146341463414634,
      "macro_precision": 0.13974934530490085,
      "macro_recall": 0.1524735915258791,
      "macro_f1": 0.13767191583955718
    }
  },
  "best_model": "random_forest",
  "confusion_matrix": [
    [
      5,
      1,
      0,
      0,
      0,
      1,
      0,
      0,
      0,
      3,
      0,
      0,
      2,
      0,
      3,
      1,
      0,
      1
    ],
    [
      0,
      0,
      0,
      0,
      0,
      0,
      1,
      0,
      0,
      0,
      0,
      0,
      2,
      0,
      2,
      0,
      0,
      4
    ],
    [
      0,
      0,
      1,
      0,
      0,
      1,
      1,
      0,
      0,
      0,
      1,
      0,
      0,
      0,
      0,
      1,
      1,
      1
    ],
    [
      0,
      0,
      1,
      1,
      0,
      0,
      3,
      1,
      0,
      2,
      0,
      0,
      1,
      0,
      2,
      0,
      0,
      1
    ],
    [
      1,
      0,
      0,
      0,
      0,
      0,
      0,
      0,
      0,
      2,
      0,
      0,
      2,
      0,
      1,
      0,
      0,
      0
    ],
    [
      1,
      0,
      0,
      0,
      0,
      4,
      0,
      0,
      0,
      0,
      1,
      0,
      1,
      0,
      0,
      0,
      0,
      1
    ],
    [
      0,
      0,
      1,
      0,
      0,
      1,
      2,
      0,
      0,
      3,
      0,
      0,
      1,
      0,
      0,
      0,
      0,
      5
    ],
    [
      0,
      0,
      0,
      0,
      0,
      0,
      0,
      0,
      0,
      0,
      0,
      0,
      1,
      0,
      0,
      0,
      0,
      1
    ],
    [
      2,
      0,
      0,
      1,
      0,
      0,
      0,
      0,
      0,
      0,
      0,
      0,
      0,
      0,
      3,
      0,
      0,
      1
    ],
    [
      4,
      1,
      0,
      0,
      0,
      0,
      1,
      0,
      0,
      4,
      1,
      0,
      2,
      0,
      0,
      0,
      0,
      7
    ],
    [
      2,
      0,
      0,
      0,
      0,
      1,
      0,
      0,
      0,
      0,
      1,
      0,
      1,
      0,
      0,
      2,
      0,
      1
    ],
    [
      0,
      0,
      0,
      0,
      0,
      0,
      0,
      0,
      0,
      0,
      0,
      0,
      1,
      0,
      0,
      0,
      0,
      5
    ],
    [
      1,
      0,
      1,
      0,
      0,
      2,
      1,
      0,
      0,
      2,
      1,
      0,
      11,
      0,
      1,
      0,
      0,
      4
    ],
    [
      1,
      0,
      0,
      0,
      0,
      0,
      1,
      0,
      0,
      1,
      1,
      0,
      1,
      0,
      0,
      0,
      0,
      3
    ],
    [
      1,
      0,
      0,
      1,
      0,
      0,
      0,
      0,
      1,
      3,
      0,
      0,
      0,
      0,
      3,
      0,
      0,
      3
    ],
    [
      2,
      0,
      0,
      0,
      0,
      0,
      0,
      0,
      0,
      0,
      3,
      0,
      2,
      0,
      0,
      2,
      0,
      3
    ],
    [
      0,
      0,
      0,
      0,
      0,
      0,
      2,
      0,
      0,
      1,
      1,
      0,
      0,
      0,
      0,
      0,
      0,
      3
    ],
    [
      1,
      1,
      2,
      0,
      0,
      1,
      2,
      0,
      0,
      3,
      0,
      0,
      5,
      1,
      0,
      1,
      0,
      10
    ]
  ],
  "class_labels": [
    "bug",
    "dark",
    "dragon",
    "electric",
    "fairy",
    "fighting",
    "fire",
    "flying",
    "ghost",
    "grass",
    "ground",
    "ice",
    "normal",
    "poison",
    "psychic",
    "rock",
    "steel",
    "water"
  ],
  "feature_importance": {
    "height": 0.08937801042690961,
    "weight": 0.13673109452429244,
    "base_experience": 0.11354333448260813,
    "hp": 0.10499711594164875,
    "attack": 0.11018806723903736,
    "defense": 0.11336999472059872,
    "special_attack": 0.12005320363820372,
    "special_defense": 0.10069004666056536,
    "speed": 0.11104913236613588
  },
  "features": [
    "height",
    "weight",
    "base_experience",
    "hp",
    "attack",
    "defense",
    "special_attack",
    "special_defense",
    "speed"
  ]
}